name	probe_name	x	y	z	hemisphere	impedance	shank_id	location
e000	array	n/a	n/a	n/a	n/a	150.0	probe1	EPd
e001	array	n/a	n/a	n/a	n/a	150.0	probe1	EPd
e002	array	n/a	n/a	n/a	n/a	150.0	probe1	EPd
e003	array	n/a	n/a	n/a	n/a	150.0	probe1	EPd
e004	array	n/a	n/a	n/a	n/a	150.0	probe1	EPd
e005	array	n/a	n/a	n/a	n/a	150.0	probe1	EPd
e006	array	n/a	n/a	n/a	n/a	150.0	probe1	EPd
e007	array	n/a	n/a	n/a	n/a	150.0	probe1	EPd
e008	array	n/a	n/a	n/a	n/a	150.0	probe1	EPd
e009	array	n/a	n/a	n/a	n/a	150.0	probe1	EPd
e010	array	n/a	n/a	n/a	n/a	150.0	probe1	EPd
e011	array	n/a	n/a	n/a	n/a	150.0	probe1	EPd
e012	array	n/a	n/a	n/a	n/a	150.0	probe1	EPd
e013	array	n/a	n/a	n/a	n/a	150.0	probe1	EPd
e014	array	n/a	n/a	n/a	n/a	150.0	probe1	EPd
e015	array	n/a	n/a	n/a	n/a	150.0	probe1	EPd
e016	array	n/a	n/a	n/a	n/a	150.0	probe1	EPd
e017	array	n/a	n/a	n/a	n/a	150.0	probe1	OLF
e018	array	n/a	n/a	n/a	n/a	150.0	probe1	OLF
e019	array	n/a	n/a	n/a	n/a	150.0	probe1	OLF
e020	array	n/a	n/a	n/a	n/a	150.0	probe1	OLF
e021	array	n/a	n/a	n/a	n/a	150.0	probe1	OLF
e022	array	n/a	n/a	n/a	n/a	150.0	probe1	OLF
e023	array	n/a	n/a	n/a	n/a	150.0	probe1	OLF
e024	array	n/a	n/a	n/a	n/a	150.0	probe1	OLF
e025	array	n/a	n/a	n/a	n/a	150.0	probe1	OLF
e026	array	n/a	n/a	n/a	n/a	150.0	probe1	OLF
e027	array	n/a	n/a	n/a	n/a	150.0	probe1	OLF
e028	array	n/a	n/a	n/a	n/a	150.0	probe1	OLF
e029	array	n/a	n/a	n/a	n/a	150.0	probe1	OLF
e030	array	n/a	n/a	n/a	n/a	150.0	probe1	OLF
e031	array	n/a	n/a	n/a	n/a	150.0	probe1	OLF
e032	array	n/a	n/a	n/a	n/a	150.0	probe1	OLF
e033	array	n/a	n/a	n/a	n/a	150.0	probe1	OLF
e034	array	n/a	n/a	n/a	n/a	150.0	probe1	OLF
e035	array	n/a	n/a	n/a	n/a	150.0	probe1	OLF
e036	array	n/a	n/a	n/a	n/a	150.0	probe1	OLF
e037	array	n/a	n/a	n/a	n/a	150.0	probe1	OLF
e038	array	n/a	n/a	n/a	n/a	150.0	probe1	OLF
e039	array	n/a	n/a	n/a	n/a	150.0	probe1	OLF
e040	array	n/a	n/a	n/a	n/a	150.0	probe1	OLF
e041	array	n/a	n/a	n/a	n/a	150.0	probe1	OLF
e042	array	n/a	n/a	n/a	n/a	150.0	probe1	OLF
e043	array	n/a	n/a	n/a	n/a	150.0	probe1	OLF
e044	array	n/a	n/a	n/a	n/a	150.0	probe1	OLF
e045	array	n/a	n/a	n/a	n/a	150.0	probe1	OLF
e046	array	n/a	n/a	n/a	n/a	150.0	probe1	OLF
e047	array	n/a	n/a	n/a	n/a	150.0	probe1	OLF
e048	array	n/a	n/a	n/a	n/a	150.0	probe1	OLF
e049	array	n/a	n/a	n/a	n/a	150.0	probe1	OLF
e050	array	n/a	n/a	n/a	n/a	150.0	probe1	OLF
e051	array	n/a	n/a	n/a	n/a	150.0	probe1	OLF
e052	array	n/a	n/a	n/a	n/a	150.0	probe1	OLF
e053	array	n/a	n/a	n/a	n/a	150.0	probe1	OLF
e054	array	n/a	n/a	n/a	n/a	150.0	probe1	OLF
e055	array	n/a	n/a	n/a	n/a	150.0	probe1	OLF
e056	array	n/a	n/a	n/a	n/a	150.0	probe1	OLF
e057	array	n/a	n/a	n/a	n/a	150.0	probe1	OLF
e058	array	n/a	n/a	n/a	n/a	150.0	probe1	OLF
e059	array	n/a	n/a	n/a	n/a	150.0	probe1	OLF
e060	array	n/a	n/a	n/a	n/a	150.0	probe1	OLF
e061	array	n/a	n/a	n/a	n/a	150.0	probe1	OLF
e062	array	n/a	n/a	n/a	n/a	150.0	probe1	OLF
e063	array	n/a	n/a	n/a	n/a	150.0	probe1	OLF
e064	array	n/a	n/a	n/a	n/a	150.0	probe1	OLF
e065	array	n/a	n/a	n/a	n/a	150.0	probe1	OLF
e066	array	n/a	n/a	n/a	n/a	150.0	probe1	OLF
e067	array	n/a	n/a	n/a	n/a	150.0	probe1	OLF
e068	array	n/a	n/a	n/a	n/a	150.0	probe1	OLF
e069	array	n/a	n/a	n/a	n/a	150.0	probe1	OLF
e070	array	n/a	n/a	n/a	n/a	150.0	probe1	OLF
e071	array	n/a	n/a	n/a	n/a	150.0	probe1	OLF
e072	array	n/a	n/a	n/a	n/a	150.0	probe1	OLF
e073	array	n/a	n/a	n/a	n/a	150.0	probe1	OLF
e074	array	n/a	n/a	n/a	n/a	150.0	probe1	OLF
e075	array	n/a	n/a	n/a	n/a	150.0	probe1	OLF
e076	array	n/a	n/a	n/a	n/a	150.0	probe1	OLF
e077	array	n/a	n/a	n/a	n/a	150.0	probe1	OLF
e078	array	n/a	n/a	n/a	n/a	150.0	probe1	OLF
e079	array	n/a	n/a	n/a	n/a	150.0	probe1	OLF
e080	array	n/a	n/a	n/a	n/a	150.0	probe1	OLF
e081	array	n/a	n/a	n/a	n/a	150.0	probe1	OLF
e082	array	n/a	n/a	n/a	n/a	150.0	probe1	OLF
e083	array	n/a	n/a	n/a	n/a	150.0	probe1	OLF
e084	array	n/a	n/a	n/a	n/a	150.0	probe1	OLF
e085	array	n/a	n/a	n/a	n/a	150.0	probe1	OLF
e086	array	n/a	n/a	n/a	n/a	150.0	probe1	OLF
e087	array	n/a	n/a	n/a	n/a	150.0	probe1	OLF
e088	array	n/a	n/a	n/a	n/a	150.0	probe1	OLF
e089	array	n/a	n/a	n/a	n/a	150.0	probe1	OLF
e090	array	n/a	n/a	n/a	n/a	150.0	probe1	OLF
e091	array	n/a	n/a	n/a	n/a	150.0	probe1	OLF
e092	array	n/a	n/a	n/a	n/a	150.0	probe1	OLF
e093	array	n/a	n/a	n/a	n/a	150.0	probe1	OLF
e094	array	n/a	n/a	n/a	n/a	150.0	probe1	OLF
e095	array	n/a	n/a	n/a	n/a	150.0	probe1	OLF
e096	array	n/a	n/a	n/a	n/a	150.0	probe1	OLF
e097	array	n/a	n/a	n/a	n/a	150.0	probe1	OLF
e098	array	n/a	n/a	n/a	n/a	150.0	probe1	OLF
e099	array	n/a	n/a	n/a	n/a	150.0	probe1	OLF
e100	array	n/a	n/a	n/a	n/a	150.0	probe1	OLF
e101	array	n/a	n/a	n/a	n/a	150.0	probe1	OLF
e102	array	n/a	n/a	n/a	n/a	150.0	probe1	OLF
e103	array	n/a	n/a	n/a	n/a	150.0	probe1	PIR
e104	array	n/a	n/a	n/a	n/a	150.0	probe1	PIR
e105	array	n/a	n/a	n/a	n/a	150.0	probe1	PIR
e106	array	n/a	n/a	n/a	n/a	150.0	probe1	PIR
e107	array	n/a	n/a	n/a	n/a	150.0	probe1	PIR
e108	array	n/a	n/a	n/a	n/a	150.0	probe1	PIR
e109	array	n/a	n/a	n/a	n/a	150.0	probe1	PIR
e110	array	n/a	n/a	n/a	n/a	150.0	probe1	PIR
e111	array	n/a	n/a	n/a	n/a	150.0	probe1	PIR
e112	array	n/a	n/a	n/a	n/a	150.0	probe1	PIR
e113	array	n/a	n/a	n/a	n/a	150.0	probe1	ORBl2/3
e114	array	n/a	n/a	n/a	n/a	150.0	probe1	ORBl2/3
e115	array	n/a	n/a	n/a	n/a	150.0	probe1	ORBl2/3
e116	array	n/a	n/a	n/a	n/a	150.0	probe1	ORBl2/3
e117	array	n/a	n/a	n/a	n/a	150.0	probe1	ORBl2/3
e118	array	n/a	n/a	n/a	n/a	150.0	probe1	ORBl2/3
e119	array	n/a	n/a	n/a	n/a	150.0	probe1	ORBl2/3
e120	array	n/a	n/a	n/a	n/a	150.0	probe1	ORBl2/3
e121	array	n/a	n/a	n/a	n/a	150.0	probe1	ORBl2/3
e122	array	n/a	n/a	n/a	n/a	150.0	probe1	ORBl2/3
e123	array	n/a	n/a	n/a	n/a	150.0	probe1	ORBl2/3
e124	array	n/a	n/a	n/a	n/a	150.0	probe1	ORBl2/3
e125	array	n/a	n/a	n/a	n/a	150.0	probe1	ORBl2/3
e126	array	n/a	n/a	n/a	n/a	150.0	probe1	ORBl2/3
e127	array	n/a	n/a	n/a	n/a	150.0	probe1	ORBl2/3
e128	array	n/a	n/a	n/a	n/a	150.0	probe1	ORBl2/3
e129	array	n/a	n/a	n/a	n/a	150.0	probe1	ORBl2/3
e130	array	n/a	n/a	n/a	n/a	150.0	probe1	ORBl2/3
e131	array	n/a	n/a	n/a	n/a	150.0	probe1	ORBl2/3
e132	array	n/a	n/a	n/a	n/a	150.0	probe1	ORBl2/3
e133	array	n/a	n/a	n/a	n/a	150.0	probe1	ORBl2/3
e134	array	n/a	n/a	n/a	n/a	150.0	probe1	ORBl2/3
e135	array	n/a	n/a	n/a	n/a	150.0	probe1	ORBl2/3
e136	array	n/a	n/a	n/a	n/a	150.0	probe1	ORBl2/3
e137	array	n/a	n/a	n/a	n/a	150.0	probe1	ORBl2/3
e138	array	n/a	n/a	n/a	n/a	150.0	probe1	ORBl2/3
e139	array	n/a	n/a	n/a	n/a	150.0	probe1	ORBl2/3
e140	array	n/a	n/a	n/a	n/a	150.0	probe1	ORBl2/3
e141	array	n/a	n/a	n/a	n/a	150.0	probe1	ORBl2/3
e142	array	n/a	n/a	n/a	n/a	150.0	probe1	ORBl2/3
e143	array	n/a	n/a	n/a	n/a	150.0	probe1	ORBl2/3
e144	array	n/a	n/a	n/a	n/a	150.0	probe1	ORBl2/3
e145	array	n/a	n/a	n/a	n/a	150.0	probe1	ORBl5
e146	array	n/a	n/a	n/a	n/a	150.0	probe1	ORBl5
e147	array	n/a	n/a	n/a	n/a	150.0	probe1	ORBl5
e148	array	n/a	n/a	n/a	n/a	150.0	probe1	ORBl5
e149	array	n/a	n/a	n/a	n/a	150.0	probe1	ORBl5
e150	array	n/a	n/a	n/a	n/a	150.0	probe1	ORBl5
e151	array	n/a	n/a	n/a	n/a	150.0	probe1	ORBl5
e152	array	n/a	n/a	n/a	n/a	150.0	probe1	ORBl5
e153	array	n/a	n/a	n/a	n/a	150.0	probe1	ORBl5
e154	array	n/a	n/a	n/a	n/a	150.0	probe1	ORBl5
e155	array	n/a	n/a	n/a	n/a	150.0	probe1	ORBl5
e156	array	n/a	n/a	n/a	n/a	150.0	probe1	ORBl5
e157	array	n/a	n/a	n/a	n/a	150.0	probe1	ORBl5
e158	array	n/a	n/a	n/a	n/a	150.0	probe1	ORBl5
e159	array	n/a	n/a	n/a	n/a	150.0	probe1	ORBl5
e160	array	n/a	n/a	n/a	n/a	150.0	probe1	ORBl5
e161	array	n/a	n/a	n/a	n/a	150.0	probe1	ORBl5
e162	array	n/a	n/a	n/a	n/a	150.0	probe1	ORBl5
e163	array	n/a	n/a	n/a	n/a	150.0	probe1	ORBl5
e164	array	n/a	n/a	n/a	n/a	150.0	probe1	ORBl5
e165	array	n/a	n/a	n/a	n/a	150.0	probe1	ORBl5
e166	array	n/a	n/a	n/a	n/a	150.0	probe1	ORBl5
e167	array	n/a	n/a	n/a	n/a	150.0	probe1	ORBl5
e168	array	n/a	n/a	n/a	n/a	150.0	probe1	ORBl5
e169	array	n/a	n/a	n/a	n/a	150.0	probe1	ORBl5
e170	array	n/a	n/a	n/a	n/a	150.0	probe1	ORBl5
e171	array	n/a	n/a	n/a	n/a	150.0	probe1	ORBl5
e172	array	n/a	n/a	n/a	n/a	150.0	probe1	ORBl5
e173	array	n/a	n/a	n/a	n/a	150.0	probe1	ORBl5
e174	array	n/a	n/a	n/a	n/a	150.0	probe1	ORBl5
e175	array	n/a	n/a	n/a	n/a	150.0	probe1	ORBl5
e176	array	n/a	n/a	n/a	n/a	150.0	probe1	ORBl5
e177	array	n/a	n/a	n/a	n/a	150.0	probe1	ORBl5
e178	array	n/a	n/a	n/a	n/a	150.0	probe1	ORBl5
e179	array	n/a	n/a	n/a	n/a	150.0	probe1	ORBl5
e180	array	n/a	n/a	n/a	n/a	150.0	probe1	ORBl5
e181	array	n/a	n/a	n/a	n/a	150.0	probe1	ORBl5
e182	array	n/a	n/a	n/a	n/a	150.0	probe1	ORBl5
e183	array	n/a	n/a	n/a	n/a	150.0	probe1	ORBl5
e184	array	n/a	n/a	n/a	n/a	150.0	probe1	ORBl5
e185	array	n/a	n/a	n/a	n/a	150.0	probe1	ORBl5
e186	array	n/a	n/a	n/a	n/a	150.0	probe1	ORBl5
e187	array	n/a	n/a	n/a	n/a	150.0	probe1	ORBl5
e188	array	n/a	n/a	n/a	n/a	150.0	probe1	ORBl5
e189	array	n/a	n/a	n/a	n/a	150.0	probe1	ORBl5
e190	array	n/a	n/a	n/a	n/a	150.0	probe1	ORBl5
e191	array	n/a	n/a	n/a	n/a	150.0	probe1	ORBl5
e192	array	n/a	n/a	n/a	n/a	150.0	probe1	ORBl5
e193	array	n/a	n/a	n/a	n/a	150.0	probe1	ORBl5
e194	array	n/a	n/a	n/a	n/a	150.0	probe1	ORBl5
e195	array	n/a	n/a	n/a	n/a	150.0	probe1	ORBl5
e196	array	n/a	n/a	n/a	n/a	150.0	probe1	ORBl5
e197	array	n/a	n/a	n/a	n/a	150.0	probe1	ORBl5
e198	array	n/a	n/a	n/a	n/a	150.0	probe1	ORBl5
e199	array	n/a	n/a	n/a	n/a	150.0	probe1	ORBl5
e200	array	n/a	n/a	n/a	n/a	150.0	probe1	ORBl5
e201	array	n/a	n/a	n/a	n/a	150.0	probe1	ORBl6a
e202	array	n/a	n/a	n/a	n/a	150.0	probe1	ORBl6a
e203	array	n/a	n/a	n/a	n/a	150.0	probe1	ORBl6a
e204	array	n/a	n/a	n/a	n/a	150.0	probe1	ORBl6a
e205	array	n/a	n/a	n/a	n/a	150.0	probe1	ORBl6a
e206	array	n/a	n/a	n/a	n/a	150.0	probe1	ORBl6a
e207	array	n/a	n/a	n/a	n/a	150.0	probe1	ORBl6a
e208	array	n/a	n/a	n/a	n/a	150.0	probe1	ORBl6a
e209	array	n/a	n/a	n/a	n/a	150.0	probe1	ORBl6a
e210	array	n/a	n/a	n/a	n/a	150.0	probe1	ORBl6a
e211	array	n/a	n/a	n/a	n/a	150.0	probe1	ORBl6a
e212	array	n/a	n/a	n/a	n/a	150.0	probe1	ORBl6a
e213	array	n/a	n/a	n/a	n/a	150.0	probe1	ORBvl6a
e214	array	n/a	n/a	n/a	n/a	150.0	probe1	ORBvl6a
e215	array	n/a	n/a	n/a	n/a	150.0	probe1	ORBvl6a
e216	array	n/a	n/a	n/a	n/a	150.0	probe1	ORBvl6a
e217	array	n/a	n/a	n/a	n/a	150.0	probe1	ORBvl6a
e218	array	n/a	n/a	n/a	n/a	150.0	probe1	ORBvl6a
e219	array	n/a	n/a	n/a	n/a	150.0	probe1	ORBvl6a
e220	array	n/a	n/a	n/a	n/a	150.0	probe1	ORBvl6a
e221	array	n/a	n/a	n/a	n/a	150.0	probe1	ORBvl6a
e222	array	n/a	n/a	n/a	n/a	150.0	probe1	ORBvl6a
e223	array	n/a	n/a	n/a	n/a	150.0	probe1	ORBvl6a
e224	array	n/a	n/a	n/a	n/a	150.0	probe1	ORBvl6a
e225	array	n/a	n/a	n/a	n/a	150.0	probe1	ORBvl6a
e226	array	n/a	n/a	n/a	n/a	150.0	probe1	ORBvl6a
e227	array	n/a	n/a	n/a	n/a	150.0	probe1	ORBvl6a
e228	array	n/a	n/a	n/a	n/a	150.0	probe1	ORBvl6a
e229	array	n/a	n/a	n/a	n/a	150.0	probe1	ORBvl6a
e230	array	n/a	n/a	n/a	n/a	150.0	probe1	ORBvl6a
e231	array	n/a	n/a	n/a	n/a	150.0	probe1	ORBvl6a
e232	array	n/a	n/a	n/a	n/a	150.0	probe1	ORBvl6a
e233	array	n/a	n/a	n/a	n/a	150.0	probe1	ORBvl6a
e234	array	n/a	n/a	n/a	n/a	150.0	probe1	ORBvl6a
e235	array	n/a	n/a	n/a	n/a	150.0	probe1	ORBvl6a
e236	array	n/a	n/a	n/a	n/a	150.0	probe1	ORBvl6a
e237	array	n/a	n/a	n/a	n/a	150.0	probe1	ORBvl6a
e238	array	n/a	n/a	n/a	n/a	150.0	probe1	ORBvl6a
e239	array	n/a	n/a	n/a	n/a	150.0	probe1	ORBvl6a
e240	array	n/a	n/a	n/a	n/a	150.0	probe1	ORBvl6a
e241	array	n/a	n/a	n/a	n/a	150.0	probe1	ORBvl6a
e242	array	n/a	n/a	n/a	n/a	150.0	probe1	ORBvl6a
e243	array	n/a	n/a	n/a	n/a	150.0	probe1	ORBvl6a
e244	array	n/a	n/a	n/a	n/a	150.0	probe1	ORBvl6a
e245	array	n/a	n/a	n/a	n/a	150.0	probe1	ORBvl6a
e246	array	n/a	n/a	n/a	n/a	150.0	probe1	ORBvl6a
e247	array	n/a	n/a	n/a	n/a	150.0	probe1	ORBvl6a
e248	array	n/a	n/a	n/a	n/a	150.0	probe1	ORBvl6a
e249	array	n/a	n/a	n/a	n/a	150.0	probe1	ORBvl6a
e250	array	n/a	n/a	n/a	n/a	150.0	probe1	ORBvl6a
e251	array	n/a	n/a	n/a	n/a	150.0	probe1	ORBvl6a
e252	array	n/a	n/a	n/a	n/a	150.0	probe1	ORBvl6a
e253	array	n/a	n/a	n/a	n/a	150.0	probe1	ORBvl6a
e254	array	n/a	n/a	n/a	n/a	150.0	probe1	ORBvl6a
e255	array	n/a	n/a	n/a	n/a	150.0	probe1	ORBvl6a
e256	array	n/a	n/a	n/a	n/a	150.0	probe1	ORBvl6a
e257	array	n/a	n/a	n/a	n/a	150.0	probe1	ORBvl6a
e258	array	n/a	n/a	n/a	n/a	150.0	probe1	ORBvl6a
e259	array	n/a	n/a	n/a	n/a	150.0	probe1	ORBvl6a
e260	array	n/a	n/a	n/a	n/a	150.0	probe1	ORBvl6a
e261	array	n/a	n/a	n/a	n/a	150.0	probe1	ORBvl6a
e262	array	n/a	n/a	n/a	n/a	150.0	probe1	ORBvl6a
e263	array	n/a	n/a	n/a	n/a	150.0	probe1	FRP6a
e264	array	n/a	n/a	n/a	n/a	150.0	probe1	FRP6a
e265	array	n/a	n/a	n/a	n/a	150.0	probe1	FRP6a
e266	array	n/a	n/a	n/a	n/a	150.0	probe1	FRP6a
e267	array	n/a	n/a	n/a	n/a	150.0	probe1	FRP6a
e268	array	n/a	n/a	n/a	n/a	150.0	probe1	FRP6a
e269	array	n/a	n/a	n/a	n/a	150.0	probe1	FRP6a
e270	array	n/a	n/a	n/a	n/a	150.0	probe1	FRP6a
e271	array	n/a	n/a	n/a	n/a	150.0	probe1	FRP6a
e272	array	n/a	n/a	n/a	n/a	150.0	probe1	FRP6a
e273	array	n/a	n/a	n/a	n/a	150.0	probe1	FRP6a
e274	array	n/a	n/a	n/a	n/a	150.0	probe1	FRP6a
e275	array	n/a	n/a	n/a	n/a	150.0	probe1	FRP6a
e276	array	n/a	n/a	n/a	n/a	150.0	probe1	FRP6a
e277	array	n/a	n/a	n/a	n/a	150.0	probe1	MOs6a
e278	array	n/a	n/a	n/a	n/a	150.0	probe1	MOs6a
e279	array	n/a	n/a	n/a	n/a	150.0	probe1	MOs6a
e280	array	n/a	n/a	n/a	n/a	150.0	probe1	MOs6a
e281	array	n/a	n/a	n/a	n/a	150.0	probe1	MOs6a
e282	array	n/a	n/a	n/a	n/a	150.0	probe1	MOs6a
e283	array	n/a	n/a	n/a	n/a	150.0	probe1	MOs6a
e284	array	n/a	n/a	n/a	n/a	150.0	probe1	MOs6a
e285	array	n/a	n/a	n/a	n/a	150.0	probe1	MOs6a
e286	array	n/a	n/a	n/a	n/a	150.0	probe1	MOs6a
e287	array	n/a	n/a	n/a	n/a	150.0	probe1	MOs6a
e288	array	n/a	n/a	n/a	n/a	150.0	probe1	MOs6a
e289	array	n/a	n/a	n/a	n/a	150.0	probe1	MOs6a
e290	array	n/a	n/a	n/a	n/a	150.0	probe1	MOs6a
e291	array	n/a	n/a	n/a	n/a	150.0	probe1	MOs6a
e292	array	n/a	n/a	n/a	n/a	150.0	probe1	MOs6a
e293	array	n/a	n/a	n/a	n/a	150.0	probe1	MOs6a
e294	array	n/a	n/a	n/a	n/a	150.0	probe1	MOs6a
e295	array	n/a	n/a	n/a	n/a	150.0	probe1	MOs6a
e296	array	n/a	n/a	n/a	n/a	150.0	probe1	MOs6a
e297	array	n/a	n/a	n/a	n/a	150.0	probe1	MOs6a
e298	array	n/a	n/a	n/a	n/a	150.0	probe1	MOs6a
e299	array	n/a	n/a	n/a	n/a	150.0	probe1	MOs6a
e300	array	n/a	n/a	n/a	n/a	150.0	probe1	MOs6a
e301	array	n/a	n/a	n/a	n/a	150.0	probe1	MOs6a
e302	array	n/a	n/a	n/a	n/a	150.0	probe1	MOs6a
e303	array	n/a	n/a	n/a	n/a	150.0	probe1	MOs6a
e304	array	n/a	n/a	n/a	n/a	150.0	probe1	MOs6a
e305	array	n/a	n/a	n/a	n/a	150.0	probe1	MOs6a
e306	array	n/a	n/a	n/a	n/a	150.0	probe1	MOs6a
e307	array	n/a	n/a	n/a	n/a	150.0	probe1	MOs6a
e308	array	n/a	n/a	n/a	n/a	150.0	probe1	MOs6a
e309	array	n/a	n/a	n/a	n/a	150.0	probe1	MOs6a
e310	array	n/a	n/a	n/a	n/a	150.0	probe1	MOs6a
e311	array	n/a	n/a	n/a	n/a	150.0	probe1	MOs6a
e312	array	n/a	n/a	n/a	n/a	150.0	probe1	MOs6a
e313	array	n/a	n/a	n/a	n/a	150.0	probe1	MOs6a
e314	array	n/a	n/a	n/a	n/a	150.0	probe1	MOs6a
e315	array	n/a	n/a	n/a	n/a	150.0	probe1	MOs6a
e316	array	n/a	n/a	n/a	n/a	150.0	probe1	MOs6a
e317	array	n/a	n/a	n/a	n/a	150.0	probe1	MOs5
e318	array	n/a	n/a	n/a	n/a	150.0	probe1	MOs5
e319	array	n/a	n/a	n/a	n/a	150.0	probe1	MOs5
e320	array	n/a	n/a	n/a	n/a	150.0	probe1	MOs5
e321	array	n/a	n/a	n/a	n/a	150.0	probe1	MOs5
e322	array	n/a	n/a	n/a	n/a	150.0	probe1	MOs5
e323	array	n/a	n/a	n/a	n/a	150.0	probe1	MOs5
e324	array	n/a	n/a	n/a	n/a	150.0	probe1	MOs5
e325	array	n/a	n/a	n/a	n/a	150.0	probe1	MOs5
e326	array	n/a	n/a	n/a	n/a	150.0	probe1	MOs5
e327	array	n/a	n/a	n/a	n/a	150.0	probe1	MOs5
e328	array	n/a	n/a	n/a	n/a	150.0	probe1	MOs5
e329	array	n/a	n/a	n/a	n/a	150.0	probe1	MOs5
e330	array	n/a	n/a	n/a	n/a	150.0	probe1	MOs5
e331	array	n/a	n/a	n/a	n/a	150.0	probe1	MOs5
e332	array	n/a	n/a	n/a	n/a	150.0	probe1	MOs5
e333	array	n/a	n/a	n/a	n/a	150.0	probe1	MOs5
e334	array	n/a	n/a	n/a	n/a	150.0	probe1	MOs5
e335	array	n/a	n/a	n/a	n/a	150.0	probe1	MOs5
e336	array	n/a	n/a	n/a	n/a	150.0	probe1	MOs5
e337	array	n/a	n/a	n/a	n/a	150.0	probe1	MOs5
e338	array	n/a	n/a	n/a	n/a	150.0	probe1	MOs5
e339	array	n/a	n/a	n/a	n/a	150.0	probe1	MOs5
e340	array	n/a	n/a	n/a	n/a	150.0	probe1	MOs5
e341	array	n/a	n/a	n/a	n/a	150.0	probe1	MOs5
e342	array	n/a	n/a	n/a	n/a	150.0	probe1	MOs5
e343	array	n/a	n/a	n/a	n/a	150.0	probe1	MOs5
e344	array	n/a	n/a	n/a	n/a	150.0	probe1	MOs5
e345	array	n/a	n/a	n/a	n/a	150.0	probe1	MOs5
e346	array	n/a	n/a	n/a	n/a	150.0	probe1	MOs5
e347	array	n/a	n/a	n/a	n/a	150.0	probe1	MOs5
e348	array	n/a	n/a	n/a	n/a	150.0	probe1	MOs5
e349	array	n/a	n/a	n/a	n/a	150.0	probe1	MOs5
e350	array	n/a	n/a	n/a	n/a	150.0	probe1	MOs5
e351	array	n/a	n/a	n/a	n/a	150.0	probe1	MOs5
e352	array	n/a	n/a	n/a	n/a	150.0	probe1	MOs5
e353	array	n/a	n/a	n/a	n/a	150.0	probe1	MOs5
e354	array	n/a	n/a	n/a	n/a	150.0	probe1	MOs5
e355	array	n/a	n/a	n/a	n/a	150.0	probe1	MOs5
e356	array	n/a	n/a	n/a	n/a	150.0	probe1	MOs5
e357	array	n/a	n/a	n/a	n/a	150.0	probe1	MOs5
e358	array	n/a	n/a	n/a	n/a	150.0	probe1	MOs5
e359	array	n/a	n/a	n/a	n/a	150.0	probe1	MOs5
e360	array	n/a	n/a	n/a	n/a	150.0	probe1	MOs5
e361	array	n/a	n/a	n/a	n/a	150.0	probe1	MOs5
e362	array	n/a	n/a	n/a	n/a	150.0	probe1	MOs5
e363	array	n/a	n/a	n/a	n/a	150.0	probe1	MOs5
e364	array	n/a	n/a	n/a	n/a	150.0	probe1	MOs5
e365	array	n/a	n/a	n/a	n/a	150.0	probe1	MOs5
e366	array	n/a	n/a	n/a	n/a	150.0	probe1	MOs5
e367	array	n/a	n/a	n/a	n/a	150.0	probe1	MOs5
e368	array	n/a	n/a	n/a	n/a	150.0	probe1	MOs5
e369	array	n/a	n/a	n/a	n/a	150.0	probe1	MOs5
e370	array	n/a	n/a	n/a	n/a	150.0	probe1	MOs5
e371	array	n/a	n/a	n/a	n/a	150.0	probe1	MOs5
e372	array	n/a	n/a	n/a	n/a	150.0	probe1	MOs5
e373	array	n/a	n/a	n/a	n/a	150.0	probe1	MOs5
e374	array	n/a	n/a	n/a	n/a	150.0	probe1	MOs5
e375	array	n/a	n/a	n/a	n/a	150.0	probe1	MOs5
e376	array	n/a	n/a	n/a	n/a	150.0	probe1	MOs5
e377	array	n/a	n/a	n/a	n/a	150.0	probe1	MOs2/3
e378	array	n/a	n/a	n/a	n/a	150.0	probe1	MOs2/3
e379	array	n/a	n/a	n/a	n/a	150.0	probe1	MOs2/3
e380	array	n/a	n/a	n/a	n/a	150.0	probe1	MOs2/3
e381	array	n/a	n/a	n/a	n/a	150.0	probe1	MOs2/3
e382	array	n/a	n/a	n/a	n/a	150.0	probe1	MOs2/3
